DROP DATABASE IF EXISTS SocialHub;

CREATE DATABASE IF NOT EXISTS SocialHub;

USE SocialHub;

CREATE TABLE IF NOT EXISTS USERTYPE(
	UT_ID tinyint unsigned PRIMARY KEY auto_increment,
    ROLENAME varchar(50) NOT NULL
);
CREATE TABLE IF NOT EXISTS FACULTY(
	F_ID tinyint unsigned PRIMARY KEY auto_increment,
    FNAME varchar(50) NOT NULL
);

CREATE TABLE IF NOT EXISTS MAJOR(
	M_ID tinyint unsigned PRIMARY KEY auto_increment,
    MNAME varchar(100) NOT NULL
);

CREATE TABLE IF NOT EXISTS CLASS(
	C_ID smallint unsigned PRIMARY KEY auto_increment,
    CNAME char(10) NOT NULL
);

CREATE TABLE IF NOT EXISTS STUDENT(
	ID char(10) NOT NULL PRIMARY KEY,
    UT_ID tinyint unsigned NOT NULL,
    F_ID tinyint unsigned NOT NULL,
    M_ID tinyint unsigned NOT NULL,
    C_ID smallint unsigned NOT NULL,
    FULLNAME varchar(100) NOT NULL,
    BIRTHDATE date NOT NULL,
    GENDER bool NOT NULL,
    ADDRESS varchar(200),
    PHONE varchar(12),
    EMAIL varchar(100),
    ACADEMIC_YEAR char(9),
    HASHPASSWORD varchar(60),
    FOREIGN KEY (UT_ID) REFERENCES USERTYPE(UT_ID),
    FOREIGN KEY (F_ID) REFERENCES FACULTY(F_ID),
    FOREIGN KEY (M_ID) REFERENCES MAJOR(M_ID),
    FOREIGN KEY (C_ID) REFERENCES CLASS(C_ID)
);

CREATE TABLE IF NOT EXISTS STUDENT_COMMUNITY(
	SC_ID int unsigned auto_increment PRIMARY KEY,
    ID char(10) not null,
    JOIN_YC_DATE date,
    JOIN_CP_DATE date,
    TITLE varchar(50),
    STATE enum('Pending','Accepted','Rejected') NOT NULL,
    FOREIGN KEY (ID) REFERENCES STUDENT(ID)
);

CREATE TABLE IF NOT EXISTS JOIN_YC(
	JYC_ID int unsigned auto_increment PRIMARY KEY,
    ID char(10) NOT NULL,
    SIGNED_DATE DATE NOT NULL,
    SIGNED_APPROVAL varchar(50) NOT NULL,
    STATE enum('Pending','Accepted','Rejected') NOT NULL,
    FOREIGN KEY (ID) REFERENCES STUDENT(ID)
);

CREATE TABLE IF NOT EXISTS YC_FEE(
	ID int unsigned auto_increment PRIMARY KEY,
    JYC_ID int unsigned,
    AMOUNT int,
    T_DATE date,
    FOREIGN KEY (JYC_ID) REFERENCES JOIN_YC(JYC_ID)
);

CREATE TABLE IF NOT EXISTS ADMINISTRATOR(
    USERNAME varchar(100) NOT NULL PRIMARY KEY,
    HASHPASSWORD varchar(60) NOT NULL,
    FULLNAME varchar(100) NOT NULL,
    EMAIL varchar(100),
    PHONE varchar(12)
);

CREATE TABLE IF NOT EXISTS ACTIVITY_TYPE(
    AT_ID tinyint unsigned auto_increment PRIMARY KEY,
    AT_NAME varchar(100) NOT NULL,
    AC_POINT float
);

CREATE TABLE IF NOT EXISTS ACTIVITY(
    A_ID int unsigned auto_increment PRIMARY KEY,
    ADMIN_ID varchar(100),
    AT_ID tinyint unsigned,
    A_NAME varchar(100) NOT NULL,
    STARTDATE date NOT NULL,
    ENDDATE date,
    FEE float,
    FOREIGN KEY (AT_ID) REFERENCES ACTIVITY_TYPE(AT_ID),
    FOREIGN KEY (ADMIN_ID) REFERENCES ADMINISTRATOR(USERNAME)
);

CREATE TABLE IF NOT EXISTS STUDENT_ACTIVITY(
    ST_UT_ID int unsigned auto_increment PRIMARY KEY,
    A_ID int unsigned NOT NULL,
    ID char(10) NOT NULL,
    STATE enum('Registered', 'Checked-in', 'Not-going'),
    FOREIGN KEY (ID) REFERENCES STUDENT(ID),
    FOREIGN KEY (A_ID) REFERENCES ACTIVITY(A_ID)
);

CREATE TABLE IF NOT EXISTS NOTI_MESSAGE(
    NM_ID int unsigned auto_increment PRIMARY KEY,
    NM_NAME varchar(100) NOT NULL,
    CONTENT varchar(255),
    A_ID int unsigned,
    ADMIN_ID varchar(100) NOT NULL,
    SENDER varchar(100),
    FOREIGN KEY (A_ID) REFERENCES ACTIVITY(A_ID),
    FOREIGN KEY (ADMIN_ID) REFERENCES ADMINISTRATOR(USERNAME)

);

CREATE TABLE IF NOT EXISTS STUDENT_NOTI(
    ST_NT_ID int unsigned PRIMARY KEY,
    NM_ID int unsigned NOT NULL,
    ID char(10),
    STATE enum('Sent','Received', 'Read'),
    FOREIGN KEY (NM_ID) REFERENCES NOTI_MESSAGE(NM_ID),
    FOREIGN KEY (ID) REFERENCES STUDENT(ID)
);

CREATE TABLE IF NOT EXISTS PARAMETER(
    P_ID int unsigned auto_increment PRIMARY KEY,
    P_NAME varchar(100) NOT NULL,
    P_VALUE float NOT NULL
);

-- INSERT SEED DATA
-- ACTIVITY TYPE
LOCK TABLES `ACTIVITY_TYPE` WRITE;
/*!40000 ALTER TABLE `ACTIVITY_TYPE` DISABLE KEYS */;
INSERT INTO `ACTIVITY_TYPE` VALUES (1,'Đoàn Trường',1.5),(2,'Hội Sinh Viên',1.5),(3,'Đoàn Khoa',1.5),(4,'Ngày Hội',1.5),(5,'Sinh Hoạt',1.5),(6,'Tình Nguyện',1.5),(7,'Hội Thảo',1.5);
/*!40000 ALTER TABLE `ACTIVITY_TYPE` ENABLE KEYS */;
UNLOCK TABLES;

-- ADMINISTRATOR
LOCK TABLES `ADMINISTRATOR` WRITE;
/*!40000 ALTER TABLE `ADMINISTRATOR` DISABLE KEYS */;
INSERT INTO `ADMINISTRATOR` VALUES ('root','root','default admin',NULL,NULL);
/*!40000 ALTER TABLE `ADMINISTRATOR` ENABLE KEYS */;
UNLOCK TABLES;

-- CLASS
LOCK TABLES `CLASS` WRITE;
/*!40000 ALTER TABLE `CLASS` DISABLE KEYS */;
INSERT INTO `CLASS` VALUES (1,'DL1504'),(2,'DL1501'),(3,'AN1501'),(4,'PM1502'),(5,'TK1505'),(6,'KS1503'),(7,'LKT1501'),(8,'LKT1502'),(9,'KM1501'),(10,'KM1503'),(11,'NB1501'),(12,'NB1504'),(13,'HQ1502'),(14,'PR1603'),(15,'KN1501'),(16,'PR1501'),(17,'NG1501'),(18,'BA1601'),(19,'PR1503'),(20,'PR1504'),(21,'PR1505'),(22,'PR1502'),(23,'TV1501'),(24,'DL1601'),(25,'KM1601'),(26,'TA1701'),(27,'DL1602'),(28,'KN1601'),(29,'NB1801'),(30,'PR1601'),(31,'NG1601'),(32,'KS1601'),(33,'KQ1601'),(34,'KS1602'),(35,'NB1704'),(36,'PM1601'),(37,'TT1601'),(38,'PM1603'),(39,'PM1604'),(40,'MV1601'),(41,'PM1602'),(42,'TH1701'),(43,'TH1801'),(44,'TH1706'),(45,'TH1703'),(46,'KS1701'),(47,'TA1702'),(48,'TH1704'),(49,'TK1601'),(50,'TK1602'),(51,'KD1704'),(52,'LKT1602'),(53,'LKT1702'),(54,'TA1607'),(55,'KQ1603'),(56,'LKT1601'),(57,'KQ1606'),(58,'TA1608'),(59,'KQ1602'),(60,'TA1606'),(61,'KD1602'),(62,'KM1602'),(63,'KN1602'),(64,'KQ1605'),(65,'KD1603'),(66,'KM1603'),(67,'KD1711'),(68,'HQ1701'),(69,'KD1605'),(70,'KQ1705'),(71,'KQ1701'),(72,'TK1701'),(73,'KQ1710'),(74,'HQ1601'),(75,'NB1601'),(76,'NB1702'),(77,'NB1707'),(78,'KQ1604'),(79,'NB1705'),(80,'HQ1602'),(81,'HQ1706'),(82,'DL1701'),(83,'NB1604'),(84,'NB1603'),(85,'PR1701'),(86,'NB1602'),(87,'A11801'),(88,'NB1701'),(89,'NB1703'),(90,'PR1705'),(91,'SA1703'),(92,'PR1602'),(93,'HQ1603'),(94,'QH1603'),(95,'PR1704'),(96,'BA1602'),(97,'PR1702'),(98,'TA1603'),(99,'TA1601'),(100,'TA1604'),(101,'TA1605'),(102,'SA1601'),(103,'AV1602'),(104,'TA1602'),(105,'TA1703'),(106,'HQ1703'),(107,'TA1711'),(108,'TV1601'),(109,'BA1603'),(110,'DL1801'),(111,'DL1702'),(112,'DL1703'),(113,'DL1802'),(114,'DL1704'),(115,'DL1705'),(116,'DL1706'),(117,'KS1703'),(118,'KS1704'),(119,'KS1705'),(120,'KS1702'),(121,'KS1707'),(122,'TC1701'),(123,'KS1708'),(124,'LKT1801'),(125,'KS1706'),(126,'HQ1801'),(127,'KS1709'),(128,'KS1710'),(129,'TH1702'),(130,'TV1801'),(131,'TH1809'),(132,'TH1806'),(133,'TH1805'),(134,'TH1707'),(135,'TH1708'),(136,'TH1705'),(137,'TH1810'),(138,'TH1710'),(139,'TH1711'),(140,'TH1712'),(141,'TH1709'),(142,'TH1713'),(143,'TH1714'),(144,'TK1702'),(145,'TK1703'),(146,'TK1704'),(147,'KD1701'),(148,'TK1705'),(149,'LKT1701'),(150,'LKT1703'),(151,'TK1801'),(152,'LKT1704'),(153,'LKT1705'),(154,'LKT1706'),(155,'KD1801'),(156,'KD1703'),(157,'KD1705'),(158,'KD1702'),(159,'KD1808'),(160,'KD1706'),(161,'KD1809'),(162,'KD1707'),(163,'TC1801'),(164,'KD1709'),(165,'KD1710'),(166,'KD1712'),(167,'KD1708'),(168,'KD1714'),(169,'KD1715'),(170,'KQ1702'),(171,'KD1713'),(172,'KQ1703'),(173,'KQ1704'),(174,'KQ1706'),(175,'KQ1707'),(176,'KQ1708'),(177,'KQ1709'),(178,'KQ1802'),(179,'KQ1801'),(180,'KQ1803'),(181,'KQ1711'),(182,'A31801'),(183,'NB1706'),(184,'HQ1702'),(185,'KS1801'),(186,'QH1801'),(187,'HQ1704'),(188,'A11803'),(189,'HQ1705'),(190,'NB1803'),(191,'HQ1707'),(192,'HQ1708'),(193,'TA1705'),(194,'NG1701'),(195,'QH1803'),(196,'BA1701'),(197,'QH1805'),(198,'PR1706'),(199,'PR1703'),(200,'PR1707'),(201,'PR1708'),(202,'A11809'),(203,'AT1701'),(204,'A11701'),(205,'SA1701'),(206,'SA1702'),(207,'HA1701'),(208,'A11703'),(209,'A11704'),(210,'TA1720'),(211,'A11802'),(212,'TA1704'),(213,'A41810'),(214,'A11707'),(215,'A11708'),(216,'A11709'),(217,'BA1705'),(218,'A31809'),(219,'BA1702'),(220,'TA1706'),(221,'A21701'),(222,'A11808'),(223,'TA1717'),(224,'TA1707'),(225,'TA1708'),(226,'A21705'),(227,'TA1709'),(228,'TA1714'),(229,'A21706'),(230,'A21806'),(231,'BA1703'),(232,'TA1710'),(233,'A21708'),(234,'A21709'),(235,'A21710'),(236,'TA1713'),(237,'A31702'),(238,'A31803'),(239,'TA1712'),(240,'A31810'),(241,'TA1716'),(242,'A31706'),(243,'A21809'),(244,'BA1704'),(245,'A41701'),(246,'A41702'),(247,'TA1718'),(248,'TA1715'),(249,'TA1719'),(250,'TV1701'),(251,'TV1702'),(252,'TV1703'),(253,'TH1803'),(254,'TH1804'),(255,'TH1802'),(256,'TH1808'),(257,'LKT1802'),(258,'LKT1803'),(259,'LKT1804'),(260,'KD1802'),(261,'TH1807'),(262,'KD1803'),(263,'KD1804'),(264,'KD1806'),(265,'KD1805'),(266,'KD1807'),(267,'KQ1804'),(268,'KQ1805'),(269,'KQ1807'),(270,'HQ1802'),(271,'NB1802'),(272,'HQ1803'),(273,'KQ1806'),(274,'HQ1804'),(275,'A21805'),(276,'HQ1805'),(277,'HQ1806'),(278,'QH1802'),(279,'QH1804'),(280,'QH1806'),(281,'NB1804'),(282,'A41809'),(283,'A11804'),(284,'A11805'),(285,'A11806'),(286,'A11807'),(287,'A41808'),(288,'A11810'),(289,'A21801'),(290,'A41801'),(291,'A21802'),(292,'A41802'),(293,'A21803'),(294,'A21804'),(295,'A41804'),(296,'A41805'),(297,'A41806'),(298,'A41803'),(299,'A21807'),(300,'A41807'),(301,'A21808'),(302,'A21810'),(303,'A31802'),(304,'A31804'),(305,'A31805'),(306,'A31806'),(307,'A31807'),(308,'A31808'),(309,'TV1802'),(310,'TV1803');
/*!40000 ALTER TABLE `CLASS` ENABLE KEYS */;
UNLOCK TABLES;

-- FACULTY
LOCK TABLES `FACULTY` WRITE;
/*!40000 ALTER TABLE `FACULTY` DISABLE KEYS */;
INSERT INTO `FACULTY` VALUES (1,'Kinh tế - Tài chính'),(2,'Công nghệ thông tin'),(3,'Quản trị kinh doanh quốc tế'),(4,'Ngôn ngữ và Văn hóa phương Đông'),(5,'Bộ môn Luật'),(6,'Du lịch - Khách sạn'),(7,'Quan hệ quốc tế'),(8,'Ngoại ngữ');
/*!40000 ALTER TABLE `FACULTY` ENABLE KEYS */;
UNLOCK TABLES;

-- MAJOR
LOCK TABLES `MAJOR` WRITE;
/*!40000 ALTER TABLE `MAJOR` DISABLE KEYS */;
INSERT INTO `MAJOR` VALUES (1,'Công nghệ thông tin'),(2,'Quản trị dịch vụ du lịch và lữ hành'),(3,'Kế toán'),(4,'Quản trị khách sạn'),(5,'Luật kinh tế'),(6,'Quản trị kinh doanh'),(7,'Đông Phương học'),(8,'Quan hệ quốc tế'),(9,'Ngôn ngữ Anh'),(10,'Ngôn ngữ Trung Quốc'),(11,'Kinh doanh quốc tế'),(12,'Tài chính - Ngân hàng');
/*!40000 ALTER TABLE `MAJOR` ENABLE KEYS */;
UNLOCK TABLES;

-- USERTYPE
LOCK TABLES `USERTYPE` WRITE;
/*!40000 ALTER TABLE `USERTYPE` DISABLE KEYS */;
INSERT INTO `USERTYPE` VALUES (1,'HSV Trường'),(2,'Đoàn Khoa'),(3,'Lớp Trường'),(4,'HSV Khoa'),(5,'Đoàn Trường'),(6,'Bí Thư'),(7,'Sinh Viên');
/*!40000 ALTER TABLE `USERTYPE` ENABLE KEYS */;
UNLOCK TABLES;

LOCK TABLES `STUDENT` WRITE;
/*!40000 ALTER TABLE `STUDENT` DISABLE KEYS */;
INSERT INTO `STUDENT` VALUES ('16DH110008',7,2,1,36,'Nguyễn Hồ Quốc Đạt','1998-07-16',1,'Dak Lak',NULL,NULL,'2016-2020','$2b$10$lUUJ9udGRlwlpO13dcVIY.VKnkT0zl/bow2AP01fAYMhMOP.fQX9W'),('16DH110010',7,2,1,37,'Nguyễn Thành Đạt','1998-01-22',1,'Thành phố Hồ Chí Minh',NULL,NULL,'2016-2020','$2b$10$A8xZJkIpY7tuZPEx9feN7e0e6qWDE4InjUvQVc0JCCVdhtVafMOKC'),('16DH110012',7,2,1,40,'Trương Thành Đạt','1998-03-11',1,'Thành phố Hồ Chí Minh',NULL,NULL,'2016-2020','$2b$10$zumHbcU/tNf2MlAEUdYWOuCvRoo4J66jHCn9fQN1odpOBvKi1TE2.'),('16DH110013',7,2,1,36,'Nguyễn Minh Đức','1997-11-22',1,'Tiền Giang',NULL,NULL,'2016-2020','$2b$10$cqOWZ4izVy6hi8KGRv6KWO3lDjYUFDxOzPoLwelm0hzX8jTIeCoTe'),('16DH110014',7,2,1,40,'Lê Quốc Sơn Hà','1998-07-05',1,'Bình Thuận',NULL,NULL,'2016-2020','$2b$10$aDJMa5UyW9Y/Jz/LFh3ZP.UJr59X6MVqyLh0dzDv.hmB9pS1chsTe'),('16DH110015',7,2,1,36,'Tăng Trần Quang Hạ','1998-02-18',1,'Bạc Liêu',NULL,NULL,'2016-2020','$2b$10$dBVB92ODZPLB8uzesXO.DO63YTCeanp4vNSB6IPZ6UQkVkhIgwHfO'),('16DH110018',7,2,1,37,'Vũ Nguyễn Duy Hậu','1998-11-11',1,'Đồng Nai',NULL,NULL,'2016-2020','$2b$10$Hf9AnE/zHDjA0GSvoGWosuUd11sIaM3DHLNUGRq7z1qhBDNiAmvKa'),('16DH110027',7,2,1,37,'Vũ Minh Hoàng','1996-10-04',1,'Hưng Yên',NULL,NULL,'2016-2020','$2b$10$ctOqHgYvu7HGeqx4lnPGIerAXoZys1iARGFyMg4pfw4Ubu1ruM.fC'),('16DH110034',7,2,1,37,'Vũ Duy Khương','1998-01-01',1,'Lâm Đồng',NULL,NULL,'2016-2020','$2b$10$W7gE5kZazbbi1OOXD5SZmuIIX/kHaCe3FGOP3altPim8FEajIQl8C'),('16DH110036',7,2,1,40,'Nguyễn Cao Lâm','1998-07-04',1,'Thành phố Hồ Chí Minh',NULL,NULL,'2016-2020','$2b$10$/mUFWiv5sZotZLC7pBbBCenM1iO3eqBs4FjM6vjkvwQNr3mskhpay'),('16DH110037',7,2,1,40,'Hồ Thiên Lộc','1998-05-04',1,'Thành phố Hồ Chí Minh',NULL,NULL,'2016-2020','$2b$10$Yu5xxT2tHDHilQjFBQNFhOJPzLgqzRTgS.tJ8j8Y9NeotFxDbEpYK'),('16DH110038',7,2,1,40,'Nguyễn Duy Long','1996-08-17',1,'Thành phố Hồ Chí Minh',NULL,NULL,'2016-2020','$2b$10$0c/cvRexq/QmVQOJFU7GDebRUPR3qgvvP2PHUdqefpa9.hSn4CW3i'),('16DH110039',7,2,1,40,'Nguyễn Bạch Thành Luân','1998-05-07',1,'Phú Yên',NULL,NULL,'2016-2020','$2b$10$atNWPGHqPzleFHRwM3BZCOWIcO3YkhHB7eVLXe7N2mQiViGTqAVXu'),('16DH110041',7,2,1,37,'Dương Khánh Mai','1998-01-17',0,'Tiền Giang',NULL,NULL,'2016-2020','$2b$10$ymLolkJTHW8RJj5ul6I5g.gmurkpznHd3p7SrRuiGkEWbW/v7NllC'),('16DH110042',7,2,1,37,'Nguyễn Quang Minh','1998-01-04',1,'Bà Rịa-Vũng Tàu',NULL,NULL,'2016-2020','$2b$10$iv/DW4c1LRQl6CFa9y8bnuyT/CY9RFhvoFKCjPT4HSTzSaRD2D3/2'),('16DH110045',7,2,1,38,'Bùi Thành Phát','1998-09-16',1,'Thành phố Hồ Chí Minh',NULL,NULL,'2016-2020','$2b$10$1hVN7dYfGEMx6Z4vFPwWYuxQT6LmibqhrthU.ddrXpm0uqdWR58PK'),('16DH110046',7,2,1,40,'Nguyễn Ngọc Tấn Phát','1998-01-28',1,'Bà Rịa-Vũng Tàu',NULL,NULL,'2016-2020','$2b$10$2dYmhjeBZcs0jfNazxGC/uE90dguGrg17zysGhzRxiEYZxP3bs6A2'),('16DH110047',7,2,1,37,'Đỗ Triết Phổ','1998-04-07',1,'Kiên Giang',NULL,NULL,'2016-2020','$2b$10$2x3aSQzsc9X8NV3sw5XosO86/6ijlc0HkLu2ElIjeR3Jd1XLdiRN2'),('16DH110050',7,2,1,38,'Phạm Xuân Phú','1998-05-24',1,'Hải Dương',NULL,NULL,'2016-2020','$2b$10$qbztkLk4L8SGbA/JxQTMxexXy/poHVKLFeN3n39eHASiGKPz.AF3m'),('16DH110052',7,2,1,38,'Nguyễn Ngọc Uyên Phương','1998-06-18',0,'Thành phố Hồ Chí Minh',NULL,NULL,'2016-2020','$2b$10$LFKNLiDzO1/acln98p9Gs.yXWKkOLzuZO2VKUIumV2MDtDQHRjHV2'),('16DH110054',7,2,1,38,'Lê Nguyễn Xuân Sang','1997-07-19',1,'Thành phố Hồ Chí Minh',NULL,NULL,'2016-2020','$2b$10$hDfIxpYVfH6O73RqrilYPeHvK9GyIngiFAglw8X4bBdGXD2tGO8FC'),('16DH110057',7,2,1,39,'Đồng Sỷ Thanh','1998-02-27',1,'Thành phố Hồ Chí Minh',NULL,NULL,'2016-2020','$2b$10$FO.WZCd1ziHvRnkAuPFG9Ost/Bp1SQNUYinEFwrDFFFK.MMMdTsay'),('16DH110058',7,2,1,39,'Lê Quang Thành','1998-01-22',1,'Thành phố Hồ Chí Minh',NULL,NULL,'2016-2020','$2b$10$x0npUXZFdhRHYvqqTtxYVuqO26YsfqMSuvgDRo.1G90k4N7z3kTGC'),('16DH110065',7,2,1,37,'Phạm Phú Hoàng Thông','1998-10-25',1,'Thành phố Hồ Chí Minh',NULL,NULL,'2016-2020','$2b$10$WV7e4IIV5ah1DHKOm8ecqe.9JV8xTKnBcNTAWoLA9DOG.dxhdi3ea'),('16DH110066',7,2,1,37,'Trần Trí Thông','1998-01-20',1,'Tiền Giang',NULL,NULL,'2016-2020','$2b$10$6gPly8ycUruah8wBwLuCj.grfVsvE02NkLwmuOZOrkLT7Fo3uJC6K'),('16DH110070',7,2,1,39,'Trần Thanh Toàn','1998-07-12',1,'Thành phố Hồ Chí Minh',NULL,NULL,'2016-2020','$2b$10$d8Bp/SzdwRbsaqLyOPmS8OxWKVFPipQaglvUE2.jDipSWYMS99Uke'),('16DH110071',7,2,1,39,'Trần Thành Trai','1997-12-24',1,'Bình Phước',NULL,NULL,'2016-2020','$2b$10$AMIFwNtzSL6x8d.Ax1v9E.rOUQO9PNwNVkh4T8KJ45WuwmoZEiILK'),('16DH110073',7,2,1,45,'Trần Thành Trung','1998-05-31',1,'Bình Dương',NULL,NULL,'2017-2021','$2b$10$Pijpd6loebuaRKxrEUt/xeVfoC2AlwEK5y3yMBoZm0K.F5yjWsUn2'),('16DH110077',7,7,8,30,'Lê Phạm Khôi Vũ','1997-04-02',1,'Thành phố Hồ Chí Minh',NULL,NULL,'2016-2020','$2b$10$MVJHss2iuPfDX7GTJT09t.CzT1cVb3SiABiUvidrGOW.Fp2yAlHqu'),('16DH110080',7,2,1,38,'Lê Duy Phát','1998-10-06',1,'Đồng Nai',NULL,NULL,'2016-2020','$2b$10$dmLbhakFB3A2lKTZVpz8XOAkGff9caeskKYMeOFGkUc7SED.9YWSO'),('16DH110081',7,2,1,37,'Đàm Ngọc Quỳnh Như','1998-10-23',0,'Thành phố Hồ Chí Minh',NULL,NULL,'2016-2020','$2b$10$Mcvbkmhgu8iyAQjQLAEfIuCwMf/vwLhDbeXG8Q9Rj7KpI1XsIJgva'),('16DH110083',7,2,1,36,'Huỳnh Trường Duy','1998-01-08',1,'Long An',NULL,NULL,'2016-2020','$2b$10$qzMfJsjFZd9ZgZ9E3NyvP.EruVyCNzIhrjxy.cUQQk1x6.4fXZX6y'),('16DH110085',7,2,1,36,'Bùi Nguyễn Phú Đăng','1998-02-07',1,'Ninh Thuận',NULL,NULL,'2016-2020','$2b$10$/Rd4BCSqJMY82b2PaDyRTuFCh4695EwNEHq2RZ/rupQtNgRRiGy/.'),('16DH110087',7,2,1,37,'Dủ Hoài Ngọc','1998-11-15',0,'Tiền Giang',NULL,NULL,'2016-2020','$2b$10$YOzvDB0CenS9RHmEaxexcOgjgRt7bLbujhK47nbdHBVtKysHQhwaO'),('16DH110088',7,2,1,40,'Nguyễn Hoàng Anh','1998-03-12',1,'Tiền Giang',NULL,NULL,'2016-2020','$2b$10$G9i0L8lXrD0TcQ9ywcAEz.vAvaBuY/wRxHZehlRvL8MqsUqG95/4G'),('16DH110089',7,2,1,36,'Thái Sĩ Hiệp','1997-08-30',1,'Tây Ninh',NULL,NULL,'2016-2020','$2b$10$Ey.AfcwagxvwNP4GSZ1Sn.9xj4MSlahmfTtTsqSjBG1KUYMgeyO.q'),('16DH110090',7,2,1,37,'Bùi Công Quang','1998-01-24',1,'Thành phố Hồ Chí Minh',NULL,NULL,'2016-2020','$2b$10$omfaknx/Ia/OtXlcYY/3Hu/WZSyw3kStx8ISHkiCLOY4VEM.GoUmm'),('16DH110091',7,2,1,38,'Phạm Ngọc Thạch','1998-08-08',1,'Thành phố Hồ Chí Minh',NULL,NULL,'2016-2020','$2b$10$Rb/5jHg6IyL4njsy2bECsOM5px6Q1q8BQZ6O9QYDOShILpGPMV.s.'),('16DH110093',7,2,1,41,'Nguyễn Khoa Nam','1998-10-28',1,'Thành phố Hồ Chí Minh',NULL,NULL,'2016-2020','$2b$10$nOsmJV3wXNBOkSCrTzni8OrAl/WbQAsyiIGAxHBSzJpGnRXvr/OKe'),('16DH110095',7,2,1,38,'Trần Hoàng Tân','1998-10-13',1,'Thành phố Hồ Chí Minh',NULL,NULL,'2016-2020','$2b$10$l9fp4ciQcv3pUEiKOViHvOpemiWiOLRxwrOs/r4i/vIJBuw3/fj2K'),('16DH110097',7,2,1,37,'Nguyễn Duy','1998-10-09',1,'Thành phố Hồ Chí Minh',NULL,NULL,'2016-2020','$2b$10$y.zey7/bMaygl0GMv83xOu7SMQofISBZgxPLxlvs2TA2nXqXwI2Ri'),('16DH110098',7,2,1,37,'Nguyễn Thanh Bình','1998-04-27',1,'Thành phố Hồ Chí Minh',NULL,NULL,'2016-2020','$2b$10$WS8kbdz8QfPiA0uSHMPuU.JaKD5hK2mn81cM2550yYROTvWn6u8pa'),('16DH110100',7,2,1,38,'Ngô Thành Nhân','1998-12-29',1,'Thành phố Hồ Chí Minh',NULL,NULL,'2016-2020','$2b$10$fPQVTYJQrM2Ke79dVkA6TuREn39RDyryejDZY3alcO8djHxT8j.OK'),('16DH110101',7,2,1,39,'Nguyễn Thanh Tú','1996-08-24',1,'Thành phố Hồ Chí Minh',NULL,NULL,'2016-2020','$2b$10$4ScGRDS.P6fPBSiXhgYZtuqdt8ylrCDcrxcATabayxC7kedlt2KlS'),('16DH110102',7,2,1,41,'Liên Gia Vỹ Kiện','1998-08-20',1,'Thành phố Hồ Chí Minh',NULL,NULL,'2016-2020','$2b$10$MbCJAnUigHB66apAipiQbOlB68SNEqKHfywWDoC.6mKUXjEXNH8aa'),('16DH110103',7,2,1,38,'Phạm Quốc Sang','1998-01-14',1,'Thành phố Hồ Chí Minh',NULL,NULL,'2016-2020','$2b$10$5WWgOJ0HwYkpLUBDL7CTGeXZ7O9FIq/9XVsJst8jICnEhtfADTkD2'),('16DH110104',7,2,1,40,'Lê Văn Thiện','1998-12-10',1,'Bình Định',NULL,NULL,'2016-2020','$2b$10$xQ72mvHYQw/dTsCB.TLNSOq5hmBObES0Gr7pd4/swxi3hO1/QVHvy'),('16DH110105',7,2,1,39,'Phan Nhựt Trường','1998-06-21',1,'Thành phố Hồ Chí Minh',NULL,NULL,'2016-2020','$2b$10$SdM9k5lQtzBR.4mmVSFCpua5nea2DLOwP9XUa1GkzXL.562H/2PwK'),('16DH110106',7,2,1,41,'Nguyễn Thị Thanh Lan','1998-12-25',0,'Đồng Nai',NULL,NULL,'2016-2020','$2b$10$doyOBpHWL9sjvyaawr4OdeNVG3lYTuMUM1vKDluLWd816D/lonMOS'),('16DH110107',7,2,1,36,'Lương Đình Được','1998-01-01',1,'Thanh Hóa',NULL,NULL,'2016-2020','$2b$10$LTAFuRAYc0.sVChdhrR1FOY2A3nyW4xt0cDy.O9R2xWP8a00dbEpm'),('16DH110109',7,2,1,41,'Phạm Vũ Quang Minh','1998-02-01',1,'Thành phố Hồ Chí Minh',NULL,NULL,'2016-2020','$2b$10$6uzewOi6L7OEzRNU8D6EK./2DBFuF2sm0IbPRz2f3P5AXu2F0SZEi'),('16DH110110',7,2,1,37,'Trịnh Hoàn Vũ','1998-04-25',1,'Dak Lak',NULL,NULL,'2016-2020','$2b$10$Hwvr8FBnGWizuLmyirEWMef/4xogc76CHa2etyw1oebLk.fybqfVe'),('16DH110111',7,2,1,41,'Ngô Gia Kiệt','1998-12-17',1,'Thành phố Hồ Chí Minh',NULL,NULL,'2016-2020','$2b$10$8Xk8U/pBh2pEsSlgYgBzBOLZLjGl.RdZHpk5VH0R4danHcKU2./mO'),('16DH110112',7,2,1,39,'Bùi Huy Vũ','1998-09-16',1,'Thành phố Hồ Chí Minh',NULL,NULL,'2016-2020','$2b$10$b5HXw9LZ2lAuABPpv5LgHOciimWoqUhOO.9fKJSazWJLHp/28T.8S'),('16DH110113',7,2,1,39,'Nguyễn Lục Minh Thông','1998-01-06',1,'Thành phố Hồ Chí Minh',NULL,NULL,'2016-2020','$2b$10$R08yVIGCOElGKdHEndgw3.xc3Dg6R1PyFSFE2RQrcXBRBkSXt69Uy'),('16DH110114',7,2,1,38,'Nguyễn Thị Minh Quang','1998-05-10',0,'Kontum',NULL,NULL,'2016-2020','$2b$10$yQoiSZX8ifMxWPQO4yfAC.M0cISlNpXOZhncz0Yf8cbmbdnVzlWl.'),('16DH110115',7,2,1,42,'Lâm Thanh Minh','1998-11-27',1,'Thành phố Hồ Chí Minh',NULL,NULL,'2017-2021','$2b$10$c28QiXeW71TnSk.4uyaVbuxlTpb8lVzuBnvWxGuYiSGFmNackopsO'),('16DH110117',7,2,1,37,'Nguyễn Phát Nghị','1998-12-07',1,'Bình Phước',NULL,NULL,'2016-2020','$2b$10$JI5RlpBJKv91P9JkKUKlfucafTVfaXuOMdyq2Hz736FoXlWz0Ykvi'),('16DH110118',7,2,1,41,'Trần Hoàng Long','1998-10-13',1,'Thành phố Hồ Chí Minh',NULL,NULL,'2016-2020','$2b$10$Rgzzjs80VTk/Z3ZceTiyp.1iC3a.hN4DNzyacAOOeMFgdlbM/oDrK'),('16DH110119',7,2,1,37,'Nguyễn Thành Hiếu','1998-01-07',1,'Thành phố Hồ Chí Minh',NULL,NULL,'2016-2020','$2b$10$9oSPjfe0AX542JHe6n0ZWO6sIupj4Eg5dXJiaUw5fRIpYIcVA2Lxa'),('16DH110120',7,2,1,38,'Phạm Ngọc Phú','1998-09-21',1,'Thành phố Hồ Chí Minh',NULL,NULL,'2016-2020','$2b$10$.7OyxRQi2s8ZH6XU98CvH.OWX78gADaADREMC/FN3kzfA1zglDPkW'),('16DH110121',7,2,1,41,'Nguyễn Hoàng Long','1998-11-07',1,'Bình Phước',NULL,NULL,'2016-2020','$2b$10$5rGbX1lBHDO0b9KLFB98VukU5IS2kSvKj45JOuYtNl3gkRKcwIvRm'),('16DH110122',7,2,1,40,'Vũ Hoàng Ngọc Bảo','1998-01-24',1,'Thành phố Hồ Chí Minh',NULL,NULL,'2016-2020','$2b$10$kB4Ci7hAvtvUbU0mzyk8reVFQGeEmrWjhVCad1x/HnB1esoY2IGyW'),('16DH110125',7,2,1,41,'Ông Bội Na','1998-02-26',0,'Thành phố Hồ Chí Minh',NULL,NULL,'2016-2020','$2b$10$0fY59AZcXTB8g53hy5l7wu2BM4O2gLQTSjBMRYLJ8JgBED9IZH5ge'),('16DH110126',7,2,1,36,'Ngô Huỳnh Phương Duy','1998-05-24',1,'Thành phố Hồ Chí Minh',NULL,NULL,'2016-2020','$2b$10$oITa/CT/yz2Y4IQaG2zg5exKjoF7BqjIxBK1YuK2amEy7ww09KEAK'),('16DH110128',7,2,1,40,'Mã Đức Phong','1998-01-13',1,'Thành phố Hồ Chí Minh',NULL,NULL,'2016-2020','$2b$10$i7LMZFeexBURL0l/RUI3vu7fIP/BWzyQqwqpacjT7F9IbraeuRMOu'),('16DH110129',7,2,1,38,'Nguyễn Đinh Duy Quang','1998-06-01',1,'Đồng Nai',NULL,NULL,'2016-2020','$2b$10$M64qMUERMpsTu/rG0PRjoO8lvk4/XsAVUEnGB90AJPx6nqIUtnVyS'),('16DH110130',7,2,1,39,'Trần Hoàng Vinh','1998-03-30',1,'Thành phố Hồ Chí Minh',NULL,NULL,'2016-2020','$2b$10$Nadgxz6YS3WbDaOQ3CpEC.nL57ALelvzMOaCkdzSq5cMKRnfC9e9.'),('16DH110131',7,2,1,39,'Nguyễn Hồ Cao Trí','1998-01-03',1,'Thành phố Hồ Chí Minh',NULL,NULL,'2016-2020','$2b$10$.sElD5rX2HOxnsvJ.bbVvO7Ew2BloXWezbg3ynOKbqC7L9AE6ZaK2'),('16DH110132',7,2,1,38,'Nguyễn Phong Phú','1998-02-15',1,'Bà Rịa-Vũng Tàu',NULL,NULL,'2016-2020','$2b$10$MiBk8c0ez.PaJ5Ks2z6AmOTbQtDpLCRfJXTSIONPsaCXR3arC/A0e'),('16DH110133',7,2,1,42,'Văn Cao Thanh','1998-10-24',1,'Sóc Trăng',NULL,NULL,'2017-2021','$2b$10$JoJBL3drY2rAyohvkvPOMurYNxsOuBAeovKFj4ct.tjnG8yHXpVUO'),('16DH110134',7,2,1,41,'Nguyễn Văn Hoài','1998-07-18',1,'Phú Yên',NULL,NULL,'2016-2020','$2b$10$yOiLiPKAa4TB35xsyuBDRO9nnrvmRJNhsp5zfnWF4BxXr.m3oBoAu'),('16DH110136',7,2,1,36,'Phạm Huỳnh Trúc Chi','1998-06-02',0,'Thành phố Hồ Chí Minh',NULL,NULL,'2016-2020','$2b$10$6sGtslE3I5.7pFrfMY/FYO3jYNwZMiORzgd/qfnhM681nyRS6jKRm'),('16DH110137',7,2,1,38,'Trương Hồng Ngọc','1998-05-14',1,'Thành phố Hồ Chí Minh',NULL,NULL,'2016-2020','$2b$10$UdC3vUXFYiIKpZy.f1sNSOwdn/QmylcdrthIwPFc//taq9Ci5phHS'),('16DH110138',7,2,1,37,'Thái Tú Tài','1998-01-02',1,'Long An',NULL,NULL,'2016-2020','$2b$10$Vi46wQbAdfDliBZiyt5lLO0ur3zmKeBQ5z2.fnYmlzLDz.6FuNY5S'),('16DH110139',7,2,1,36,'Nguyễn Thị Mỹ Duyên','1998-12-02',0,'Thành phố Hồ Chí Minh',NULL,NULL,'2016-2020','$2b$10$W/lpCtR1VZ8oaa/KgdiwcOcnbGRCuTZhFZmjo5UuqP78UdvjkZfqS'),('16DH110140',7,2,1,39,'Trần Quán Thừa','1998-11-22',1,'Thành phố Hồ Chí Minh',NULL,NULL,'2016-2020','$2b$10$oKGFj4QGC52t7y7ajq4xp.a9BPcTfypWNy5g/JWnFGsj/wNmzlJdW'),('16DH110141',7,2,1,36,'Trần Công Danh','1998-11-13',1,'Thành phố Hồ Chí Minh',NULL,NULL,'2016-2020','$2b$10$ldUEHKTJHAJc2ST68iLiKeSmRYuUY53YDNIDl7U8T0fae6f6Kmy6.'),('16DH110143',7,2,1,36,'Trần Bùi Quốc Dũng','1998-02-22',1,'Đồng Tháp',NULL,NULL,'2016-2020','$2b$10$SmTCSBnd3MpOV4wBfNBQLuj4jW2TbZNEigdut6MPUiPJi8KqZ3Mxq'),('16DH110144',7,2,1,36,'Võ Hoàng Đạt','1998-08-30',1,'Thành phố Hồ Chí Minh',NULL,NULL,'2016-2020','$2b$10$WMdqtN9pI9Jh1vivccBAWuEBJbpP1gZUanU3bnyUzh0b8lIoCgOQ.'),('16DH110145',7,2,1,36,'Phạm Duy','1998-04-22',1,'Thành phố Hồ Chí Minh',NULL,NULL,'2016-2020','$2b$10$sbm2oF6tOn/dgkmXWnOCMOx8t7N7wOHwlDjJ/pUgdABSOs/QB6ONK'),('16DH110149',7,2,1,38,'Nguyễn Ngọc Phước','1998-11-08',1,'Thành phố Hồ Chí Minh',NULL,NULL,'2016-2020','$2b$10$Usgl2DvRWncJzN/1FkE/IuFX0rrx7vE8uCht9Ze56alXipRs6WdMK'),('16DH110152',7,2,1,36,'Nguyễn Thị Hồng Hà','1998-05-27',0,'Bình Phước',NULL,NULL,'2016-2020','$2b$10$xiryW0HkXW7zLa17vY2zueLY1pPY3i7a4Jc4U0ItKYnCC3490cz4G'),('16DH110154',7,2,1,39,'Trương Thị Mai Trâm','1998-10-30',0,'An Giang',NULL,NULL,'2016-2020','$2b$10$ll.5f85/R440odnBnhrBAe63xsYrXjW/rVYeu8s66dWOjOqc7OjOy'),('16DH110155',7,2,1,37,'Nguyễn Hữu Vinh','1998-11-26',1,'Thành phố Hồ Chí Minh',NULL,NULL,'2016-2020','$2b$10$9yHVYzn2TdwKmHlqUYxh/.0Pt6q7UkkuRP2fVrZvzbRVmcgvxLcO2'),('16DH110156',7,2,1,45,'Trần Minh Trường','1998-03-15',1,'Bến Tre',NULL,NULL,'2017-2021','$2b$10$t/N7rKhlPCXX6Z1nqgauueb1kkvh31XE6n0Sq716m4/Od2nzOwqxq'),('16DH110157',7,2,1,39,'Lưu Ngọc Anh Thư','1998-06-30',0,'Kiên Giang',NULL,NULL,'2016-2020','$2b$10$craBXVducqpaKuMxRmYqaOtPHzg4UcGGNPE.60SnRDMh7lnfLDMW2'),('16DH110158',7,2,1,38,'Phạm Tấn Tài','1998-07-13',1,'Quảng Nam',NULL,NULL,'2016-2020','$2b$10$FJzsXqIwc.S6tqs1v2wCIeOqJDcvoL9fuErYJ1OnVkkwuP8EaTIZm'),('16DH110159',7,2,1,38,'Nguyễn Trương Ngọc Quang','1998-10-19',1,'Thành phố Hồ Chí Minh',NULL,NULL,'2016-2020','$2b$10$KhZhxvpdnZiEUVh3tCXLEuLvJ/AYzpMk2J5T1UnUrXFE5P0V0fFvq'),('16DH110160',7,2,1,38,'Nhan Thanh Tân','1998-10-05',1,'Trà Vinh',NULL,NULL,'2016-2020','$2b$10$vqL5VKjAr/0kS1rXGvQIwe01AUDwiuGBIvNr3W5niMY0HnjkCTwvi'),('16DH110161',7,2,1,40,'Nguyễn Đức Huy','1997-12-27',1,'Thành phố Hồ Chí Minh',NULL,NULL,'2016-2020','$2b$10$DaXL4kTfKP00Uor3/BsJC.TXUhd9mhPIGZJDBlDHFNNNYbFjr/CCG'),('16DH110163',7,2,1,41,'Phạm Tấn Lộc','1998-07-20',1,'Long An',NULL,NULL,'2016-2020','$2b$10$D3VHSbWNDXPadbuF718jfe41KT4GYOZ4s58v7lsLqMsLGPsAivQhW'),('16DH110164',7,2,1,40,'Ngô Dịch Thanh','1998-03-20',1,'Thành phố Hồ Chí Minh',NULL,NULL,'2016-2020','$2b$10$8/4doitJuTzWFvVncEWy1eu1HJiEIOKGc3fxBm.JtqTJnb2eozqEK'),('16DH110165',7,2,1,36,'Trần Hoàng Điệp','1998-07-14',1,'Bình Dương',NULL,NULL,'2016-2020','$2b$10$QhBqorwjpuKRzwK1SpIFJeAJ0DqzeeiBGQP/pVtXb9Rhn7GCBj.kq'),('16DH110166',7,2,1,38,'Đỗ Phú Tài','1998-02-02',1,'Bình Định',NULL,NULL,'2016-2020','$2b$10$zb2rApX0kzz2JI6dpUxhEOa6DVF6o0Am8CusVgPK9bgfY41hH4OCG'),('16DH110167',7,2,1,38,'Nguyễn Mạnh Quỳnh','1998-11-20',1,'Tiền Giang',NULL,NULL,'2016-2020','$2b$10$JPSL8X1gBZY61cknoxE3r.Lu2JKwxSc9WHFDDI29ix/kPY697SZSi'),('16DH110171',7,2,1,39,'Thiều Trọng Thoại','1998-05-08',1,'Thành phố Hồ Chí Minh',NULL,NULL,'2016-2020','$2b$10$yaVp/N1/fjRjwaDYrZogQeZ8kbj0YUgDFJhwyYNqkmvSeRZuLoQ2.'),('16DH110172',7,2,1,39,'Nguyễn Quốc Tuấn','1998-07-02',1,'Tiền Giang',NULL,NULL,'2016-2020','$2b$10$i/8nKhfcNaXsnujjs/qgGePPuesMFs1QQM2PRXWTiLKGgp4YwrBWS'),('16DH110173',7,2,1,41,'Nguyễn Ngọc Quỳnh Hương','1998-04-21',0,'Thành phố Hồ Chí Minh',NULL,NULL,'2016-2020','$2b$10$v6vLVnJ0e3nvhZ.0CcrRveEJoDam4fQsxFIoANLXtPqmwEN8BzjuO'),('16DH110174',7,2,1,39,'Lê Việt','1994-02-25',1,'Thừa Thiên-Huế',NULL,NULL,'2016-2020','$2b$10$YIs24E0S.YY.DH5/P91X5ur1CJ8hnp73glr7APaRst0fyr4feOiP.'),('16DH110177',7,2,1,39,'Phạm Thị Kiều Trinh','1998-07-09',0,'Thành phố Hồ Chí Minh',NULL,NULL,'2016-2020','$2b$10$9D6GP6kB3iwWn5pQN6NsY.kXDY6/zACS5CokVe8.nMwvWsfWS3D9u'),('16DH110178',7,2,1,42,'Võ Minh Toàn','1998-11-28',1,'Thành phố Hồ Chí Minh',NULL,NULL,'2017-2021','$2b$10$zjMg6Ew2hNjYElJGLHzF5e04k7tpLMgsWYBMZgvgMR0p9ZAZc4.Nm'),('16DH110179',7,2,1,37,'Hồ Bảo Long','1998-12-10',1,'Thành phố Hồ Chí Minh',NULL,NULL,'2016-2020','$2b$10$rb6nCf3loOqfhMKE9ySZcueTV3hZCq6RqMQVDSCu2tIstOBEjhC0u'),('16DH110182',7,2,1,41,'Trần Đăng Khoa','1998-05-18',1,'Bạc Liêu',NULL,NULL,'2016-2020','$2b$10$9dmkoCpEZaET6nqAjY4lPOg8kZEgYyFT37cGMVyNfnb0QcKfcWmRa'),('16DH110184',7,2,1,40,'Trương Thanh Phong','1998-08-28',1,'Thành phố Hồ Chí Minh',NULL,NULL,'2016-2020','$2b$10$57rw3ztItGOl2ETq33zMm.KD1qJn0Pv/epQeuBLrkrAzlzhD1m0/u'),('16DH110185',7,2,1,41,'Nguyễn Trung Hiếu','1998-04-12',1,'Bà Rịa-Vũng Tàu',NULL,NULL,'2016-2020','$2b$10$xoMYtBNk6kpJtOtycLGkE.LS5sNJZhq7OcNlRZwDIGNShZxt3hYPa'),('16DH110186',7,2,1,37,'Đoàn Đức Toàn','1998-09-23',1,'Thành phố Hồ Chí Minh',NULL,NULL,'2016-2020','$2b$10$nT/jo5wYzJ85EpcMBX/rtepBlzI1xk2uBQTrMZpdgBmr/uxQI4Nb.'),('16DH110187',7,2,1,40,'Nguyễn Thành Trung','1998-01-09',1,'Quảng Ngãi',NULL,NULL,'2016-2020','$2b$10$nEjbnyG6tNMAHdDoiWFFd.DY24i0RbdgnAzk8mtvTbWMXAoaPf89m'),('16DH110191',7,2,1,39,'Đinh Thị Hồng Trang','1998-10-28',0,'Thành phố Hồ Chí Minh',NULL,NULL,'2016-2020','$2b$10$i9dIaMiNWB4YrkiF8sGPvOsixr9YL/mQcvM/VHi0A5UOMzqSyhXQ6'),('16DH110195',7,2,1,36,'Đặng Lê Yên Chi','1998-11-25',0,'Thành phố Hồ Chí Minh',NULL,NULL,'2016-2020','$2b$10$Q.UhaSG.uvzvEOfUQQq4MeVm3XiiJmCiN6c9yh8SS6J8v8SPek1h2'),('16DH110198',7,2,1,39,'Huỳnh Thanh Tiến','1998-02-12',1,'An Giang',NULL,NULL,'2016-2020','$2b$10$.mdtE7EEOSUa72ZYGQEu3e8H22t1U1vzgVdqGVjZ2VOIJfjHdU6YK'),('16DH110200',7,2,1,39,'Thái Kim Tín','1998-11-10',1,'Thành phố Hồ Chí Minh',NULL,NULL,'2016-2020','$2b$10$hNaNd0rnQoWU53IcbPxH../QdATsWptUWnwzXm/VGz6Le59ctEjwC'),('16DH110201',7,2,1,40,'Trần Quân','1997-08-04',1,'Dak Lak',NULL,NULL,'2016-2020','$2b$10$y37ZyZSeOg7AFLkyFdds9efHeARWuaGthjU7EXldHWqRhykvCz0pC'),('16DH110202',7,2,1,41,'Hà Quốc Hưng','1998-10-26',1,'Thành phố Hồ Chí Minh',NULL,NULL,'2016-2020','$2b$10$1i/Mfx.w2w3Rj22nT2iTyuflydYn8shzBE88Dm4lp7sBDv.l3a04m'),('16DH110203',7,3,11,33,'Nguyễn Hoàng Đạt','1998-08-11',1,'Thành phố Hồ Chí Minh',NULL,NULL,'2016-2020','$2b$10$hw3jV3oye0F76K57L80sUOci5JmDs1CmHUTr86tUoNgmB.MxGi8gi'),('16DH110208',7,2,1,36,'Trần Quốc Bảo','1998-04-25',1,'Thành phố Hồ Chí Minh',NULL,NULL,'2016-2020','$2b$10$lGn1uts.pwgPDWRn.KjBW.ID/7i9WIKAVdvTY0PPL0yh58C6f0Hzy'),('16DH110209',7,2,1,41,'Huỳnh Đăng Khoa','1996-03-19',1,'Thành phố Hồ Chí Minh',NULL,NULL,'2016-2020','$2b$10$shGw3gJ3q4ocogW39T8a3.BqirWyGMEKFDj6bcnAIEOO2K3HcZn4y'),('16DH110210',7,2,1,39,'Trần Hải Tuấn','1998-05-20',1,'Thành phố Hồ Chí Minh',NULL,NULL,'2016-2020','$2b$10$UA03OAa5qDMlaiZOoR1ET.xLMg.iMZySXnH4RYfTrW56LGzL7ZWJu'),('16DH110211',7,2,1,41,'Nguyễn Bội Kỳ','1998-03-02',1,'Thành phố Hồ Chí Minh',NULL,NULL,'2016-2020','$2b$10$3Suw9Bx9OwpupMJBS.Y2u.LcGbjOEIBQ/z/lZJ7ZTBs9enXwCI1pO'),('16DH110212',7,2,1,38,'Phạm Phú Quốc','1998-10-10',1,'Thành phố Hồ Chí Minh',NULL,NULL,'2016-2020','$2b$10$rDHze2eybNwpULDyWyYsCO3T6jJjcnmAE0N4MuHZ5ppRA5Y19aFO2'),('16DH110213',7,2,1,40,'Phạm Duy Khiêm','1998-04-30',1,'Vĩnh Long',NULL,NULL,'2016-2020','$2b$10$ojsULhIi8VbgLkCtNfMxLOCL.ryWQMP9K4rsclmOuCYENxi3swLay'),('16DH110214',7,2,1,36,'Trần Tiến Đạt','1998-10-03',1,'Thành phố Hồ Chí Minh',NULL,NULL,'2016-2020','$2b$10$HKmxZ/eBYmGQinUyGyXnCeX.BamUM0R1u2fZEVaJOY4YMmOTI4gj6'),('16DH110216',7,2,1,41,'Hồ Thái Hoàng Nam','1998-03-26',1,'Thành phố Hồ Chí Minh',NULL,NULL,'2016-2020','$2b$10$rZgfE4WphbDugqwtB4eMdeMFoR78ifpGORqVdp0ZjX4CD00juvHKu'),('16DH110219',7,2,1,41,'Phạm Tường Huy','1998-08-21',1,'Đồng Nai',NULL,NULL,'2016-2020','$2b$10$c.RYjSKZ6VPQbxK/Al4W/OfV8Brq5NlrP7rsWC/BLWMg5uc95u1WS'),('16DH110220',7,2,1,37,'Võ Hoàng Khang','1998-12-27',1,'Thành phố Hồ Chí Minh',NULL,NULL,'2016-2020','$2b$10$rNeH34TUxb2yVEULsIivAO2i4EvBZ9ANm/.4n4rfVkRdWmPLKzKMW'),('16DH110221',7,2,1,43,'Lê Chí Bảo','1998-05-14',1,'Long An',NULL,NULL,'2018-2022','$2b$10$qdySuoBb1UzpRS8sJ0XCmucn.nnQV.KYB71dPIEArDP8UztOcb/1a'),('16DH110222',7,2,1,41,'Đặng Hào Huy','1998-08-29',1,'Tiền Giang',NULL,NULL,'2016-2020','$2b$10$mZ0TcQk8Uc6bv/gELkOhTuRC9o1OMUdgRUox0QYhrNKHgsfcXbQmO'),('16DH110224',7,2,1,41,'Đặng Trịnh Mạnh Hùng','1998-03-04',1,'Thái Bình',NULL,NULL,'2016-2020','$2b$10$HnmgbPIqEXydXExRG7.Un.ln6r6X0mTkBZBpDd2I8OACwfcdK..Im'),('16DH110225',7,2,1,41,'Trịnh Trung Hiếu','1998-03-12',1,'Cà Mau',NULL,NULL,'2016-2020','$2b$10$fq0/xDVxW/mMU3dkGcNFLu6Dih477Yk2ueXsaeDKzcSElsyCDcNIq'),('16DH110226',7,2,1,36,'Nguyễn Đặng Hoàng Tân','1998-02-10',1,'Vĩnh Long',NULL,NULL,'2016-2020','$2b$10$Ox0J/sseGt0JJhPaXd6/bOLz5ZRUVJY0RyNSGwXJXczAR08PC26Ay'),('16DH110228',7,2,1,39,'Nguyễn Chí Tôn','1998-04-27',1,'Đồng Nai',NULL,NULL,'2016-2020','$2b$10$Jvmy83agaVxOQbsFPlhtSeahQ.y5U6iwtG3TeJSqkMUeq.iGqZBge'),('16DH110231',7,2,1,37,'Hồ Nguyễn Trọng Nhân','1998-05-18',1,'Thành phố Hồ Chí Minh',NULL,NULL,'2016-2020','$2b$10$Av/FHtfbWtXr/OYF..2/AebA3gi7kFlrMa2b9JGlFr9l6KK3O1heq'),('16DH110232',7,2,1,37,'Nguyễn Anh Tuấn','1998-03-19',1,'Thành phố Hồ Chí Minh',NULL,NULL,'2016-2020','$2b$10$bnLC86qQK1QrVspTVLa8q.qZC31Y7J0UQB0kAUPGuJjv4HPq7hbl.'),('16DH110233',7,2,1,38,'Phạm Trung Nghĩa','1998-04-22',1,'Long An',NULL,NULL,'2016-2020','$2b$10$kmFQxGImdirPIzXlmdPWi.wuX3qGr04JhsixbYL154G2HvxK2ajEu'),('16DH110235',7,2,1,36,'Lê Quốc Cường','1998-01-04',1,'Thành phố Hồ Chí Minh',NULL,NULL,'2016-2020','$2b$10$r6jwjCRxYs4ZJdls0xRXcOh/4x/ZV38xNYmvxIw9VXAa0EMt/p9ja'),('16DH110236',7,2,1,41,'Lê Hoàng Tuấn Khanh','1998-11-27',1,'Long An',NULL,NULL,'2016-2020','$2b$10$FJb2uq6oEXAS4.aUiuDU5eSrJfb/IjTCcOsn5Cd9A02OJIbsb51Vq'),('16DH110238',7,2,1,38,'Lê Thanh Tâm','1998-02-18',1,'Thành phố Hồ Chí Minh',NULL,NULL,'2016-2020','$2b$10$Cr5WxaEGoQex6DBHubkyyu1QfQRZamXll9P/g6Fqeha.pXJb6xTIy'),('16DH110239',7,2,1,39,'Trần Gia Trung','1998-10-16',1,'Đồng Nai',NULL,NULL,'2016-2020','$2b$10$/tQ2mTuoCPh/0jYXCaGTHuAgi/9jU1vnuYbZefblLi6/UitX2l2F.'),('16DH110240',7,2,1,36,'Võ Kim Gia Bảo','1998-03-07',1,'Thành phố Hồ Chí Minh',NULL,NULL,'2016-2020','$2b$10$9Ihpnopikv0YYQtJ4HKLd.FF5vLMV2GgIdNV6IGYMys3Bp8a.aVES'),('16DH110241',7,2,1,41,'Hoàng Nhất Nam','1998-08-23',1,'Thành phố Hồ Chí Minh',NULL,NULL,'2016-2020','$2b$10$gQfiK97iw15kALLsb918cuyy2SGlt4C6BfiVV3Rc3ZoxoUKCSpobC'),('16DH110243',7,2,1,44,'Nguyễn Thy','1997-01-01',1,'Long An',NULL,NULL,'2017-2021','$2b$10$MRA/yB3LNW.ElPHhFxPvOu4Fiq8Stz9c0mrlv1BUJ2uzAKxGNrhOq'),('16DH110247',7,2,1,36,'Lê Đức Anh','1998-10-28',1,'Thành phố Hồ Chí Minh',NULL,NULL,'2016-2020','$2b$10$smMmulBboZckB4HS/U3CQObanbEToER9.IrcgSPQcM5hFDs/QlXK2'),('16DH110248',7,2,1,41,'Nguyễn Đoàn Minh Kha','1998-09-22',1,'Tây Ninh',NULL,NULL,'2016-2020','$2b$10$kpOZ6hWBnOmqw4vwus2zd.xyq5rlRDGUgY2mCLOXJgiXg9Qaw.cLG'),('16DH110249',7,2,1,40,'Nguyễn Phi Dương','1998-04-10',1,'Quảng Nam',NULL,NULL,'2016-2020','$2b$10$1HIXeQgghkeNEdq7oi.Yj.w9A3x0gDkNVnnfIVY3itvzAtjwdnTvu'),('16DH110251',7,2,1,39,'Phan Minh Trường','1998-03-21',1,'Long An',NULL,NULL,'2016-2020','$2b$10$T/u1.YF4SNBLIo1DqrUgLeLDf7qThtnrq1fDtDaBNAf6AI8cr6FtS'),('16DH110252',7,2,1,39,'Huỳnh Vũ Quốc Thắng','1998-12-24',1,'Thành phố Hồ Chí Minh',NULL,NULL,'2016-2020','$2b$10$gU7VPEu4QomIgH8q0dDEl.dGIspZSTnZFY4Ph6kYUFUW8wKsirMKy'),('16DH110254',7,2,1,37,'Trần Gia Bảo','1998-09-11',1,'Thành phố Hồ Chí Minh',NULL,NULL,'2016-2020','$2b$10$vZmlUX00Ite/H98rPhyGXuqdhZrtUjftsBDtlW7PsKj49Lw7uaIZe'),('16DH110255',7,2,1,36,'Nguyễn Khánh Duy','1998-03-19',1,'Thành phố Hồ Chí Minh',NULL,NULL,'2016-2020','$2b$10$RUQij9K1WATmJjQMHFCrz.bKKOKyzSjaOGJ0NM15aMimrWKBBTrzi'),('16DH110258',7,2,1,39,'Nguyễn Trọng Tú','1998-01-22',1,'Thành phố Hồ Chí Minh',NULL,NULL,'2016-2020','$2b$10$HrXHVfCaX7oNpLkdzh3MC.JxIPjD.JKQp0Jz.B6qVmUCfmkTLeaHu'),('16DH110259',7,2,1,36,'Phạm Tuấn Anh','1998-05-04',1,'Hải Dương',NULL,NULL,'2016-2020','$2b$10$DamE8VjtsfaktxqL/30UmORERSElZl7bOhlRtKIxEzDi7qmrAvjtK'),('16DH110261',7,2,1,38,'Hồ Hoàng Thái','1998-07-18',1,'Thành phố Hồ Chí Minh',NULL,NULL,'2016-2020','$2b$10$eV7GlgyLbDVoGVGVY0KxKOwyw2RodgMdVvFcdam.GOLzUTSqSUYuC'),('16DH110262',7,2,1,39,'Huỳnh Gia Tử','1998-01-05',1,'Bình Thuận',NULL,NULL,'2016-2020','$2b$10$etwyAwQBwweQvmU5vCRh5.vvrhpIaDKqvfSIz43Qj.2KJ9rlsoo4i'),('16DH110263',7,8,9,47,'Trần Nguyễn Trung Hiếu','1998-10-16',1,'Thành phố Hồ Chí Minh',NULL,NULL,'2017-2021','$2b$10$8Rg4XXPhL/vLKqAHQcsun.HG3Kog71ncCvq3RDIA4C4DAtmOkjbni'),('16DH110264',7,2,1,41,'Lê Quang Trung Kiên','1998-01-06',1,'Thành phố Hồ Chí Minh',NULL,NULL,'2016-2020','$2b$10$RXWjwem1TnOsX1sAKb420O0zxZtoQq5/M1JhV5muTDOk14Jc6.M7S'),('16DH110267',7,2,1,39,'Trần Phạm Anh Vũ','1998-03-07',1,'Thành phố Hồ Chí Minh',NULL,NULL,'2016-2020','$2b$10$J620JZJFfIZrKpaMPRCFmOS/zXCoKNJygchU1E4ONF4gLEly6zE4a'),('16DH110268',7,2,1,41,'Đỗ Minh Lâm','1998-04-30',1,'Thành phố Hồ Chí Minh',NULL,NULL,'2016-2020','$2b$10$xO9p18wgLdXBkrDb9JPEkuD/JugYFvrCzZKjPk7C.NNoytYqUq2tS'),('16DH110270',7,2,1,39,'Ngô Đức Tuấn','1998-08-08',1,'Bến Tre',NULL,NULL,'2016-2020','$2b$10$nt8VAPj3oPng/DNUTgaaqO4e3lT572X.UU1ZUU6Y11w28B52gbd/C'),('16DH110271',7,2,1,38,'Trần Tuấn Nghĩa','1998-11-07',1,'Thành phố Hồ Chí Minh',NULL,NULL,'2016-2020','$2b$10$uBPI4VPxvFAgEAORT987NOARI6mcgGzaP3cQM1tIVhnQbbgkR6gLO'),('16DH110272',7,2,1,37,'Phạm Quốc Thịnh','1997-04-29',1,'Đồng Tháp',NULL,NULL,'2016-2020','$2b$10$AeJ0Bbo37MCY7IBIqef2XuBAlOCUUKLDGVIhL8g2LflNTGZ/TwY62'),('16DH110273',7,2,1,36,'Võ Bùi Gia Bảo','1998-12-15',1,'Tây Ninh',NULL,NULL,'2016-2020','$2b$10$3.il85jS473I/gFEcur6u.kQp9mUi4OWArcZ9lBZ7mQxMuukbcaxS'),('16DH110274',7,2,1,39,'Huỳnh Minh Trường','1998-03-17',1,'Thành phố Hồ Chí Minh',NULL,NULL,'2016-2020','$2b$10$oOiPPZIey1TL8EqvYDcea.CcI9D3TC84XugwpnjkCRjRU.Qs4VsyO'),('16DH110276',7,2,1,38,'Nguyễn Nhật Ngọc','1998-08-12',0,'Thành phố Hồ Chí Minh',NULL,NULL,'2016-2020','$2b$10$08jVz9nm8G3S57Jmo/dqPuAe6J3BZDFpvqwTMpS18P8uQBfgHwcwa'),('16DH110278',7,2,1,40,'Trương Hoàng Trọng','1998-01-28',1,'Thành phố Hồ Chí Minh',NULL,NULL,'2016-2020','$2b$10$dJSzvHSu7m8bbxsGzZAk8.Mdq01UC6WlFPuVQDei4Z8snYWEl2Z.m'),('16DH110281',7,2,1,41,'Vương Quân Kiệt','1998-03-05',1,'Thành phố Hồ Chí Minh',NULL,NULL,'2016-2020','$2b$10$tqP8aMXowbfEsR42VRa1PuLHEv7NAEBzU9llHqtuzxcs41zI2Da.u'),('16DH110285',7,2,1,41,'Bạch Phi Long','1998-02-03',1,'Cà Mau',NULL,NULL,'2016-2020','$2b$10$VwFkJR1ycA/A.Vy68ZIhL.i3nbDUQswPr1CcJy9HAD2zWwRY7iAzS'),('16DH110286',7,2,1,40,'Nguyễn Minh Chí','1997-02-16',1,'Bình Định',NULL,NULL,'2016-2020','$2b$10$XgGUAncba7EAVTHr2J7vJ.x2yxA2zLf.9IxVYj4uNVbTcr7QvVN5y'),('16DH110289',7,2,1,36,'Trần Thiên Ân','1998-12-21',1,'Thành phố Hồ Chí Minh',NULL,NULL,'2016-2020','$2b$10$YvCECBYM4teSAqMuWVWMvuM48KF28K8eciw/YqBkhwMDyGmuqlbie'),('16DH110290',7,2,1,39,'Phạm Huỳnh Thiện Thanh','1998-06-13',1,'Tây Ninh',NULL,NULL,'2016-2020','$2b$10$Fz8R/JNXWQes2bJoQAXNxekUoeN6dSOpJs9MVFtOesq4ItHr.O3Fi'),('16DH110291',7,2,1,36,'Nguyễn Quốc Đạt','1998-05-06',1,'Thành phố Hồ Chí Minh',NULL,NULL,'2016-2020','$2b$10$HWzlmAzqdy.NJ/2gElBiyuJhweOrXo8DKwkXVRc9c1EQMEfMIfkvm'),('16DH110294',7,2,1,39,'Lê Phạm Bảo Thy','1997-10-02',0,'Lâm Đồng',NULL,NULL,'2016-2020','$2b$10$6cUgiI2NjwlV0yRCE928/uC08arwZ1kLm/zsV/1tXehUIKtQRP5Zi'),('16DH110295',7,2,1,41,'Đinh Tiến Linh','1998-12-27',1,'Đồng Nai',NULL,NULL,'2016-2020','$2b$10$DUhMJb9QqSLfQY6gz7kHd.b7dyzG.6Jz.IU3xpKoh6q8N8vQlOIAK'),('16DH110298',7,2,1,37,'Phan Thị Mỹ Loan','1998-02-06',0,'Bạc Liêu',NULL,NULL,'2016-2020','$2b$10$/O3mmx959EUd1WZqMNcQb.F70u.cKpJMadstj8lzOzqX5xni9jABG'),('16DH110304',7,2,1,39,'Nguyễn Trung Trực','1998-02-20',1,'Bến Tre',NULL,NULL,'2016-2020','$2b$10$vMdsX.b5N7jwBzLG8Z79xeN.NSb0E./mujy4Heq0H8HTuUBkq6yxW'),('16DH110308',7,2,1,36,'Trần Quán Chương','1998-03-12',1,'Thành phố Hồ Chí Minh',NULL,NULL,'2016-2020','$2b$10$596yDuQ3cH2NoVzgjumvLOtUUtmq8wqkPOQZ/Xl.QjakReTCHkbde'),('16DH110309',7,2,1,39,'Nguyễn Thị Thủy Tiên','1998-08-22',0,'Quảng Trị',NULL,NULL,'2016-2020','$2b$10$eoAOfUEQav6QNZSiEuJ8Gu05m1ovzJdW.qGnV6ocbCQDWuUe2s5ma'),('16DH110310',7,2,1,41,'Nguyễn Hoa Minh','1998-12-24',1,'Thành phố Cần Thơ',NULL,NULL,'2016-2020','$2b$10$S8Gs97olxk/1g9DtY4HVnO.NAN/IqVG0rxS0g/6uJdBYKGbMN9/p2'),('16DH110312',7,2,1,36,'Hồ Phước Hiếu','1998-11-24',1,'Thành phố Hồ Chí Minh',NULL,NULL,'2016-2020','$2b$10$riCXijDJCmf35hvfFZmWiu4x2e2TGF2uvQ4Gzbe6TOnMrBpDYCgwy'),('16DH110314',7,2,1,41,'Lê Huỳnh Khuyên','1998-04-18',0,'Tiền Giang',NULL,NULL,'2016-2020','$2b$10$z.VvR49TCTv8HaSqjYQUp.E8qhneRdd/RS4g0UoIndxvrFjas3lJG'),('16DH110315',7,2,1,36,'Lê Chí Bảo','1998-08-01',1,'Thành phố Hồ Chí Minh',NULL,NULL,'2016-2020','$2b$10$yPVqUnpyF38snqV7JHDeSuA05xjA9hJy9pBMU3fIvA5l.THfuOCAG'),('16DH110316',7,2,1,41,'Bùi Minh Khoa','1998-06-29',1,'Thành phố Hồ Chí Minh',NULL,NULL,'2016-2020','$2b$10$VETbeFP.C0S6Tgstah/1ReDfmPryRdHlZalRMvQFii5EjAH.FI8wS'),('16DH110317',7,2,1,39,'Nguyễn Xuân Hoàng Thiên','1998-02-17',1,'Đồng Nai',NULL,NULL,'2016-2020','$2b$10$LwBzdg1FItxboSUqUR5FPOUyNBIg568yLQI7B5e4iWPnqKlcq.83O'),('16DH110318',7,2,1,36,'Phạm Quang Hiển','1998-01-11',1,'Đồng Nai',NULL,NULL,'2016-2020','$2b$10$aU4jsBzq2enumTMIDOJrmeoj1mb1mGFZaZQK.VI8swhXj0mdfyJE2'),('16DH110319',7,2,1,41,'Lê Kha','1998-09-16',1,'Thành phố Hồ Chí Minh',NULL,NULL,'2016-2020','$2b$10$H1Fps9yDsnaSUAKq/4/uguVaDRDOwSAWL4Fi5Vz4VORCvwFXo9kGK'),('16DH110321',7,2,1,38,'Đàm Huỳnh Hào Phong','1998-12-11',1,'Thành phố Hồ Chí Minh',NULL,NULL,'2016-2020','$2b$10$h2iwBrTN1.SCSSsksVqiC.ppC3y9AV1XitgPb/Xt/ZqyeWk3pZx.W'),('16DH110323',7,2,1,38,'Nguyễn Thị Quỳnh Nhi','1998-04-02',0,'Thành phố Hồ Chí Minh',NULL,NULL,'2016-2020','$2b$10$Q0PPADp0t54KZDPvaNPMYeqMsdUcayxxWVjb84UGaYfvac5WCGWvi'),('16DH110324',7,2,1,36,'Bùi Công Duy','1998-10-14',1,'Ninh Thuận',NULL,NULL,'2016-2020','$2b$10$v9Ko0pL6UNZvFvK2LHtS9udcO/2Z7kN7O1WrF/lxB4KwLuEBUC60m'),('16DH110326',7,2,1,38,'Nguyễn Vỹ Nhân','1998-04-25',1,'Quảng Nam',NULL,NULL,'2016-2020','$2b$10$vGTbAMtTaTmnBA1OE1GrmujthQDGSQV40Yn2ccc6kLOpnx0DxVhMu'),('16DH110328',7,2,1,40,'Nguyễn Tiến Lực','1998-01-28',1,'Bình Định',NULL,NULL,'2016-2020','$2b$10$VTs/WHYJEcAVSuRUgKW83.fj5.XElUVjVwX4dkezyhrj1Lc8UxzWy'),('16DH110331',7,2,1,42,'Nguyễn Thành Việt','1998-09-27',1,'Tây Ninh',NULL,NULL,'2017-2021','$2b$10$34M0fqlKEGIFPejEHUYR8u0sqfs7qZ3.0eWfOABTRTmfkuCs3Mgjy'),('16DH110332',7,2,1,39,'Huỳnh Hữu Thiện','1998-07-01',1,'Đồng Nai',NULL,NULL,'2016-2020','$2b$10$L2YoAzadmXnZkOA6CvwzYugoE8JRaNjpe7OEWu3Wwbt4KoqxmTxI2'),('16DH110334',7,2,1,39,'Huỳnh Tấn Vinh','1998-12-21',1,'Thành phố Hồ Chí Minh',NULL,NULL,'2016-2020','$2b$10$FdlPfOz4h3n2zUd/XwMaB.Ag8pEMi9lMjcYjI9sF.g/RFvHHzR9Y6'),('16DH110337',7,2,1,38,'Nguyễn Hồ Minh Quang','1998-08-09',1,'Tiền Giang',NULL,NULL,'2016-2020','$2b$10$9CcKLLbRnG1YdFl4WJHEouiV7Eo1oVAiVRHrXKHLCCC4xYtrxPVFS'),('16DH110338',7,2,1,37,'Phạm Hà Luân','1998-10-12',1,'Tây Ninh',NULL,NULL,'2016-2020','$2b$10$2Oq2TyUYtYFWjoDIOTHNyeO08XVOi6yQkAYOrrgxUOr85uVGCy2KW'),('16DH110341',7,2,1,41,'Phan Thị Thiên Hương','1998-02-07',0,'Thành phố Hồ Chí Minh',NULL,NULL,'2016-2020','$2b$10$pEWiK3ZCgsKmD9DO2lUGSe7BH9liSfEViMcUkH7cGiBUrDEtX/eee'),('16DH110342',7,2,1,41,'Trịnh Gia Hưng','1998-03-14',1,'Thành phố Hồ Chí Minh',NULL,NULL,'2016-2020','$2b$10$43mv15UAstX2nS00ScckH.ApJFpJB186EgHz6tsYGTmtERQ23M5QG'),('16DH110343',7,2,1,38,'Trương Tấn Sang','1998-07-28',1,'Đồng Tháp',NULL,NULL,'2016-2020','$2b$10$bZcarMVwNejnCjO75bcA0.1NtFmhq0fzItvEicON6poF/p7hM.sJG'),('16DH110346',7,2,1,36,'Trần Tuấn Đạt','1998-06-14',1,'Đồng Nai',NULL,NULL,'2016-2020','$2b$10$RWr96smmGPL/8kX5Jkp3uOoXxu.AM1nJ5aa8RA7SLN8DW2Nd3t0IC'),('16DH110347',7,2,1,41,'Đỗ Đức Kiến','1998-11-11',1,'Thành phố Hồ Chí Minh',NULL,NULL,'2016-2020','$2b$10$fjquu9NVsmFYsd9UQymRV.4yc9r3ANOjOpVItEfqFZnDmphUEYcHm'),('16DH110348',7,2,1,41,'Huỳnh Duy Khoa','1998-11-12',1,'Bình Thuận',NULL,NULL,'2016-2020','$2b$10$zfpHzCHA3SLnjorOT1HqF.8F/m32RIzEfYnDLmHZXhA22rhtrRpnO'),('16DH110349',7,2,1,36,'Hứa Hoàng Thanh Bảo','1998-09-24',1,'Thành phố Hồ Chí Minh',NULL,NULL,'2016-2020','$2b$10$W59TmIh1KRwvcxKCW1AaJ.wYC0Y.O3bX972Y8e5z1emU/BnUmg4q6'),('16DH110350',7,2,1,39,'Lê Minh Thành','1998-02-03',1,'Long An',NULL,NULL,'2016-2020','$2b$10$tUNi.YcDxH9AoZBkO8WFRuili6VLhFX5PFR3izmwe.bHJB6XiGX0O'),('16DH110351',7,2,1,41,'Đỗ Tấn Lộc','1998-05-10',1,'Thành phố Hồ Chí Minh',NULL,NULL,'2016-2020','$2b$10$jETQsUi/9sO6990YAoSExeB62sGrxQiMRdar8iV35/Zvqmyo3C0Em'),('16DH110353',7,2,1,36,'Nguyễn Hải Cường','1998-08-29',1,'Thành phố Hồ Chí Minh',NULL,NULL,'2016-2020','$2b$10$UkTrYyB1oy/vHCHSblPg2ODCNr6af36JbWzLV/wCGA2jXT2dAfXoG'),('16DH110355',7,2,1,38,'Nguyễn Xuân Tài','1998-07-20',1,'Ninh Thuận',NULL,NULL,'2016-2020','$2b$10$6UCEuEPhM6pOMbbU86lJrefgxF4h1yk4qcV1IelJAMOU8rmWvU7c6'),('16DH110356',7,2,1,36,'Lê Võ Trường Ân','1998-11-01',1,'Đồng Nai',NULL,NULL,'2016-2020','$2b$10$GlHh2i.EIfnujey1hpUbXeRm/qiu8ORImdT4h/unyLlT3hTT7kNBC'),('16DH110358',7,6,4,46,'Trần Hà Nhật','1998-09-25',1,'Khánh Hòa',NULL,NULL,'2017-2021','$2b$10$GuWNJaUw4sU.miC/ERX1CegmScPVj/1gCF0ZNeafZXFwmdvC.Tqfy'),('16DH110360',7,2,1,38,'Trương Tú Quỳnh','1998-10-21',0,'Thành phố Hồ Chí Minh',NULL,NULL,'2016-2020','$2b$10$MnVIGC5Zlv7ZxyVS4I.b7.ypm/5xePYjoYoWxe1647u9QY4bJIBxm'),('16DH110362',7,2,1,37,'Nguyễn Tấn Khoa','1987-10-26',1,'Tiền Giang',NULL,NULL,'2016-2020','$2b$10$Tz62dcjEN.dXeROBPs6BfOyp2TD8Xa.UQ6.5TOYY6WZX9fRi4OhI2'),('16DH110364',7,2,1,38,'Mai Thanh Sang','1998-10-28',1,'Nam Định',NULL,NULL,'2016-2020','$2b$10$A4G8e5.u7FLlIqXUel6j3uBX3nO5NNL6gfoLkT7qSBu1K4zvXv/Em'),('16DH110370',7,2,1,37,'Lê Hoàn Hảo','1998-04-24',1,'Gia Lai',NULL,NULL,'2016-2020','$2b$10$tWWMT/Lq6KtbGL9BURSexeKk94IGoPFGHaaxm4N9H4eK3oXdNpMI6'),('16DH110371',7,2,1,39,'Nguyễn Đức Toàn','1998-09-13',1,'Kiên Giang',NULL,NULL,'2016-2020','$2b$10$7vqTv1YRJAalzxWpneHd6uf10ftl2DPcHt7pwV2./5TpFTZfzLN2a'),('16DH110373',7,2,1,37,'Nguyễn Quốc Thái Huy','1998-04-24',1,'Thành phố Hồ Chí Minh',NULL,NULL,'2016-2020','$2b$10$iHON4GeHYFOzih6NBww4Ku68ISw4pC//H8rf7WjmIOG7jawHZGgiC'),('16DH110376',7,2,1,41,'Nguyễn Chính Huy','1998-11-30',1,'Thành phố Hồ Chí Minh',NULL,NULL,'2016-2020','$2b$10$Lqg5/lAiBx/YAIcWKa8.4.7NibfxMS2g2Frn2.3sXhHUs35NZisQS'),('16DH110378',7,2,1,39,'Hà Nguyễn Minh Tú','1998-05-11',0,'Thành phố Hồ Chí Minh',NULL,NULL,'2016-2020','$2b$10$HTIQ41q8M70XVPJvjQS/henC1AP3OFewx4CHQINLqDtgvbKFas7ZS'),('16DH110380',7,2,1,39,'Đan Nguyễn Nhật Trường','1996-04-16',1,'Thành phố Hồ Chí Minh',NULL,NULL,'2016-2020','$2b$10$ZcGCEF6vKTDDoiKWHDSLiO/IdA6r6wtZ083sX31I0Yzx6hdsKSvSq'),('16DH110382',7,2,1,36,'Bùi Huỳnh Quang Anh','1998-04-06',1,'Thành phố Hồ Chí Minh',NULL,NULL,'2016-2020','$2b$10$w/wqm4.b7iZ0lM91AjV1eukmOGBHgkUjHf9fKWGF.iskziznOrYc6'),('16DH110383',7,2,1,40,'Nguyễn Minh Hiếu','1998-01-03',1,'Thành phố Hồ Chí Minh',NULL,NULL,'2016-2020','$2b$10$Khq0KCMu36waSDu44dCEcOIIglCc.6ws0UWOBM8WMQGqNhinrC4em'),('16DH110386',7,2,1,37,'Lê Nguyễn Minh Đoàn','1998-02-22',1,'Thành phố Hồ Chí Minh',NULL,NULL,'2016-2020','$2b$10$Frr9e.gcO2Ej./4Rum/.Lux.Vb0boad/NVMPx.Jz3I1ZzXhgysEJy'),('16DH110387',7,2,1,38,'Ngô Đông Quân','1998-10-02',1,'Thành phố Hồ Chí Minh',NULL,NULL,'2016-2020','$2b$10$vr4n39eRDoKt4XkTt0oUdOl0rBErT3znwv2yusKDbwRFqJvMd6UVq'),('16DH110391',7,2,1,37,'Vũ Ngọc Linh','1998-11-16',0,'Thành phố Hồ Chí Minh',NULL,NULL,'2016-2020','$2b$10$jMdHVwVz1bzJqOnm03iR8.B.M9.LOFsM2OaAD99T6dbzU/qc.A3wK'),('16DH110394',7,2,1,37,'Trần Ân Hào','1998-01-02',1,'Bạc Liêu',NULL,NULL,'2016-2020','$2b$10$ts8SIuXB6swFcyW1zOpTqu5MLqAGQSFICJAdQSL5mzlY0HBjO6xYW'),('16DH110397',7,2,1,37,'Nguyễn Anh Tuấn','1998-09-24',1,'Khánh Hòa',NULL,NULL,'2016-2020','$2b$10$lWpiqVLAfcuoOQM.foN/zemODikIxgKvGEw0Pf4FH81K1LoB49k0O'),('16DH110400',7,2,1,37,'Trần Anh Sơn','1997-05-04',1,'Dak Lak',NULL,NULL,'2016-2020','$2b$10$7lFOyDcVedNYOryLUNjUSOZ.KduZIl.B4TAqna5DLccUusiCQa7wu'),('16DH110402',7,2,1,41,'Trần Tồn Hiếu','1998-08-25',1,'Thành phố Hồ Chí Minh',NULL,NULL,'2016-2020','$2b$10$J8qLn9PXdizKyImL23gW7.84Pmazo6bMGgjZ/lXdEiBWF8omyGObm'),('16DH110403',7,2,1,48,'Dương Khang Phát','1998-10-12',1,'Khánh Hòa',NULL,NULL,'2017-2021','$2b$10$f3F5bo.OpYLffbAR5c3v6O6A9b7OighRkua/7v2FQpDZbNfj0zvsK'),('16DH110404',7,2,1,37,'Nguyễn Đình Hùng','1998-05-12',1,'Quảng Ngãi',NULL,NULL,'2016-2020','$2b$10$AMkyRQP3T7Q8f/Rel4l0Pu5dQ9seL9kent/Oe3uLrkc7jt/e3O6kG'),('16DH110407',7,2,1,39,'Nguyễn Phúc Nguyên Vy','1998-11-08',1,'Ninh Thuận',NULL,NULL,'2016-2020','$2b$10$sArfmHaBLsSF9Y3mv.bqkeQC.8hVMjNCmDq1jBGnv1hP4yEHtg.8.'),('16DH110408',7,2,1,36,'Lê Khắc Hải','1998-01-31',1,'Gia Lai',NULL,NULL,'2016-2020','$2b$10$8V.50epRqW/.kCeecJHrpOs9Cu/uOEsXZN1DmD0xhCyQIDglwdYO6'),('16DH110409',7,2,1,37,'Nguyễn Chí Cường','1998-07-16',1,'Lâm Đồng',NULL,NULL,'2016-2020','$2b$10$NArVqT9udpv/AaXY/Kjok.UoZlO2ClHbcm.zqHyTpFH8mMTMs/ypC'),('16DH110414',7,2,1,38,'Võ Thị Thu Sang','1998-05-05',0,'Quảng Nam',NULL,NULL,'2016-2020','$2b$10$aI6bQQ.QbBGiI9AcugwDRu0IAa36E0MN5ksUaYg03aFbf8AKumgiW'),('16DH110416',7,2,1,38,'Võ Đình Tài','1998-11-10',1,'Bình Định',NULL,NULL,'2016-2020','$2b$10$Qwz1z5uizf4yVOqWyzdToeRNXu/wgo43uOmVEJqaTCIld2FA9mGsy'),('16DH110417',7,2,1,37,'Lê Hồng Quang','1994-10-28',1,'Thành phố Hồ Chí Minh',NULL,NULL,'2016-2020','$2b$10$S08v5nKkK6Smc/FASJABxu0zoyEsOy4T2ItirgGTRh4OuUOmfxj4u'),('16DH110420',7,2,1,36,'Nguyễn Ngọc Duy','1998-05-17',1,'Khánh Hòa',NULL,NULL,'2016-2020','$2b$10$3d3wNIrrVH4FGpKQVKV3ROejZ9MomuZB4hHRRUFE0e8wes1A1/Qk.'),('16DH110422',7,2,1,38,'Ông Quang Nhật Phú','1998-08-25',1,'Khánh Hòa',NULL,NULL,'2016-2020','$2b$10$6NlTbOuTFTjq6WvNGuS.b.ZkMLHOAdk95juaU7kNR67CPPywAeFDe'),('16DH110423',7,2,1,41,'Võ Hoàng Long','1998-07-01',1,'Thừa Thiên-Huế',NULL,NULL,'2016-2020','$2b$10$.19J8TZgCAliPczBy/YEa.9dB/S6W/0nOt5.qVD98woqlui/zDsoC'),('16DH110424',7,2,1,44,'Hồ Thị Ánh','1997-12-19',0,'Tiền Giang',NULL,NULL,'2017-2021','$2b$10$mn2/nPZwge3MylFoiYyz3OhlqRrMYqfuHGDr3X44mXJ1HwJQEK3UW'),('16DH110426',7,2,1,39,'Trịnh Quốc Việt','1998-09-09',1,'Bà Rịa-Vũng Tàu',NULL,NULL,'2016-2020','$2b$10$JLOfMJc/I6NZ0I7keLMXt.uor6xg5XUH/LXuca0UvOz0dD8xW5nAe'),('16DH110427',7,2,1,36,'Trương Từ Quốc Bảo','1998-05-05',1,'Quảng Trị',NULL,NULL,'2016-2020','$2b$10$4qbRXt//qdU3V98eXJqhs.CdesTzYvz/lJ51yloIzpAzSxmvBbo1e'),('16DH110429',7,2,1,37,'Nguyễn Lê Anh Vũ','1998-01-12',1,'Quảng Ngãi',NULL,NULL,'2016-2020','$2b$10$.B8QtyC8LMN6IeZz09bxIudfjNh1WtQZi3lxlesoP7vaNWNvN5e9O'),('16DH110430',7,2,1,39,'Nguyễn Văn Vũ','1998-11-20',1,'Thanh Hóa',NULL,NULL,'2016-2020','$2b$10$jf5mdNgPAJ5iEsX0ZVCuV.qrCzouIO6Ex0YVIMkQDHYgmoegSHVy6'),('16DH110432',7,2,1,37,'Nguyễn Thành Vinh','1998-11-23',1,'Dak Lak',NULL,NULL,'2016-2020','$2b$10$Qef7eY7xhDjvmnonHRNGN.3oDS99nqaWJP45zOB6dl9klgQ/QRrWa'),('16DH110433',7,2,1,36,'Nguyễn Ngọc Cảnh','1998-06-08',1,'Kiên Giang',NULL,NULL,'2016-2020','$2b$10$peg.0urSeOPiMFCp4qqKW.JD/hlyx57f0n2Pc4kjIY0fkmaihnxLC'),('16DH110442',7,2,1,40,'Nguyễn Đăng Tuấn','1998-01-31',1,'Gia Lai',NULL,NULL,'2016-2020','$2b$10$.EHb.tDIinAUhvFnAyiboOmbQWU0QmUMtHF2Oq.m1.tlZ/Aiazf/K'),('16DH110447',7,2,1,40,'Trần Quang Huy','1996-06-05',1,'Đồng Nai',NULL,NULL,'2016-2020','$2b$10$QqjbDfJaPKTJyZfztpQ2tuNSB4TNVLCybfxMi8qry8q4LUffrXZUy'),('16DH110448',7,2,1,39,'Huỳnh Ngọc Vy','1998-11-19',0,'Thành phố Hồ Chí Minh',NULL,NULL,'2016-2020','$2b$10$a9bvSYPrfmC1XAFh0Le5su4vfwHaVYZkL.SaZZSz10uN1CsVCmZUi'),('16DH110449',7,2,1,36,'Trương Tấn Dũng','1998-12-06',1,'Bà Rịa-Vũng Tàu',NULL,NULL,'2016-2020','$2b$10$PjyXEwZQBBqHv924YR/mmOfY2CxKVkcB/PxEZb5U/YNpJRVaDEEtm'),('16DH110450',7,2,1,40,'Lưu Minh Hoàng','1997-08-10',1,'Đồng Nai',NULL,NULL,'2016-2020','$2b$10$7wONH2veO52iPe656Wl6Nu7eU.AT7WGSW5sB3.JoDNA.yr2TgPBT2'),('16DH110451',7,2,1,39,'Lê Đức Thắng','1998-04-30',1,'Dak Lak',NULL,NULL,'2016-2020','$2b$10$dn0YQVxSUTv/HlM5AMjChePLNdQSUnzgxjF23jtqDcYJl99Tjbl0O'),('16DH110452',7,2,1,40,'Trần Quang Vinh','1998-10-12',1,'Kiên Giang',NULL,NULL,'2016-2020','$2b$10$DWYYGF/1kNF4D9l9/UUE2OA2ztM6DevVqjBkAdw0wzEYoV39ZPPgC'),('16DH110453',7,2,1,37,'Trần Đức Đông Huy','1998-07-20',1,'Thành phố Hồ Chí Minh',NULL,NULL,'2016-2020','$2b$10$Liyv7GMkyLhlQ2IFMS0xeOWQJtZjdq.LvT4tsFk3N2OACIs0YURnW'),('16DH110456',7,2,1,38,'Trương Quang Tân','1998-08-18',1,'Thành phố Hồ Chí Minh',NULL,NULL,'2016-2020','$2b$10$xs6XmRO398Jf548LR.N6.eMdoS2yrQ5eEgfCFpRdooBisPWCSOinC'),('16DH110459',7,2,1,40,'Lê Thế Anh','1998-08-30',1,'Thành phố Hồ Chí Minh',NULL,NULL,'2016-2020','$2b$10$PBK8Z/f1L7NN8pjyW6iBveyhQE1xYrHSFCfulxWt3Alnyo1fcgPV2'),('16DH110461',7,2,1,36,'Nguyễn Ngọc Bích','1997-02-12',1,'Đồng Nai',NULL,NULL,'2016-2020','$2b$10$82oZkv/ogL3sckcvcOIl1eNzcxyMFb3UoFUKwbtb.70L3shv3YMH2'),('16DH110487',7,2,1,40,'Lâm Văn Long','1998-09-22',1,'Thành phố Hồ Chí Minh',NULL,NULL,'2016-2020','$2b$10$rhcrWzmIUNZMnbc11d8kbOXNxl2HSZvojBNrKqn.UUdw50el2oFQG'),('16DH110488',7,2,1,41,'Trần Đình Quang Minh','1998-03-10',1,'Quảng Trị',NULL,NULL,'2016-2020','$2b$10$aMsnKlH8BrbqL3d4MgJiLOIp8dKpFLvmVp//m7VQik5BPNG01sCY.'),('16DH110512',7,2,1,40,'Nguyễn Tấn Thành','1998-08-06',1,'Thành phố Hồ Chí Minh',NULL,NULL,'2016-2020','$2b$10$ZHKYL0klCvxXQnsaLqhNWehblSdnTI501f1HfTImBMmUwdgewvJNS'),('16DH110516',7,2,1,40,'Võ Minh Thuận','1998-07-15',1,'Tiền Giang',NULL,NULL,'2016-2020','$2b$10$e/KztdGh4S6EYPE1VCkqguUgIx1fBwfKPK4SFj0mLgYTAeEQZ91aK'),('16DH110525',7,2,1,37,'Nguyễn Thế Vinh','1997-09-29',1,'Thành phố Hồ Chí Minh',NULL,NULL,'2016-2020','$2b$10$S7eKFcMBOGbdDpTqRsZDIeKWliEPjEjtNnGxTgf03byvjCbb1cMcS');¸
/*!40000 ALTER TABLE `STUDENT` ENABLE KEYS */;
UNLOCK TABLES;